name
A3 Academy
Albany HS
Aledo HS
Aledo High School
Alexander Central
Altoona
Alvin C. York Institute
American Heritage
American Heritage HS
American River College (Calif.)
Amity HS
Anderson
Antioch
Antonian College Prep
Apex
Apollo HS
Aptos HS
Aquinas
Aquinas HS
Archbishop Edward McCarthy
Archbishop McCarthy HS
Archbishop Spalding HS
Argyle HS
Arlington Catholic
Arlington HS
Arnold O. Beckham
Arrowhead HS
Assumption
Atasocita
Athens HS
Atoka HS
Auburn
Auburn HS
Austin
Austin Prep
Avant Garde Academy
Avon Old Farms
BYU
Baker HS
Bakersfield Christian HS
Baldivis Secondary College
Ball
Barbe
Barbe HS
Bartlett HS
Bartram Trail (Jacksonville)
Basha
Basic HS
Battle Ground
Baylor School
Bayside Academy
Bear Creek HS
Bedford HS
Beech
Belen Jesuit
Belen Jesuit (Santa Fe CC  Florida Atlantic)
Belgrade HS
Bellaire
Bellarmine College Prep HS
Belleville Township HS
Bellevue HS
Benilde-St.Margaret's
Benton Academy
Berkeley Prep
Berkely Prep
Beyer HS
Bibb County
Birdville
Bishop Blanchet
Bishop Dwenger
Bishop Gorman
Bishop Gorman HS
Bishop John J. Snyder
Bishop Kelley
Bishop Miege HS
Bishop Moore (Coastal Carolina)
Bishop Moore Catholic HS
Bishop Ready
Bixby HS
Blackfoot
Blair Oaks HS
Blessed Trinity Academy
Blessed Trinity Catholic
Blessed Trinity Catholic HS
Blessed Trinity Catholic SS
Bloomingdale
Bloomingdale (Alabama)
Bloomington North
Blountstown
Blue Springs South HS
Blue Valley HS
Blue Valley West HS
Bob Jones
Boerne
Bonita HS
Boone Grove
Booneville HS
Boswell
Boswell HS
Brandon HS
Braswell HS
Brenham
Brewbaker Tech Magnet
Briarcrest Christian HS
Briarwood Christian
Briarwood Christian HS
Bridgeland
Brighton HS
Brookfield HS
Brookwood
Brophy College Prep
Brother Martin HS
Brother Rice HS
Bryan
Buchanan HS
Buford
Bullard HS
Burleson Centennial HS
C.H. Yoe
CAK HS
CBC HS
Cactus Shadows
Cairo HS
Calallen
Calhoun
Calhoun CC
California
Callallen
Calvary Christian
Calvary Christian Academy
Calvary Christian HS
Camas
Cambridge HS
Campbell
Canby
Capistrano Valley
Capistrano Valley Christian
Caravel HS
Cardinal Hayes
Cardinal Newman
Cardinal Newman (Coastal Carolina)
Cardinal Newman HS
Cardinal Spellman HS
Cardinal-Roy Secondary
Carl Albert HS
Carlmont
Carlsbad HS
Carmel
Carroll (Flora)
Carthage
Cary HS
Cathedral Catholic
Catholic
Catholic HS
Cedar Park Christian
Centennial
Centennial HS
Center Grove
Center Grove HS
Centerville
Central
Central Arkansas Christian HS
Central Catholic
Central Catholic HS
Central HS
Century
Chaminade College Prep
Champaign Central HS
Chanhassen HS
Chaparral
Charles Herbert Flowers
Charlotte Christian
Chatham Glenwood HS
Chattahoochee HS
Chelsea
Cherry Hill West
Choctaw HS
Christian Academy of Knoxville
Christian Brothers HS
Christian Community Schools
Christopher HS
Churchill HS
Clackamas HS
Clarkdale HS
Clayton Valley
Clovis HS
Clovis West HS
College Station
Collegiate School
Collierville HS
Collins Hill
Colts Neck
Columbia Academy
Columbia River
Columbia River HS
Columbus East
Columbus North
Combine Academy
Concordia Academy-Roseville
Concordia Lutheran HS
Coppell
Copperas
Corning HS
Corsicana
Covenant Christian Academy
Covington HS
Cowley College
Cox Mill HS
Crean Lutheran
Creekside HS
Cretin Derham-Hall
Cretin-Derham Hall
Crimson Cliffs HS
Cullman
Culver Military Academy
Cy Ranch
Cy Woods
Cypress
Dakota High School (Macomb)
Damien HS
De La Salle
De Pere
DeSoto Cenral HS
DeSoto Central HS
Deer Creek
Delano
Dell Rapids HS
Denison
Desert Oasis HS
Detroit Catholic Central HS
Doral Academy Charter
Doughtery Valley HS
Douglas County HS
Downers Grove North HS
Downers Grove South HS
Dublin
Duluth East
Duncan
Dunedin
Durant
Dutch Fork HS
Dutchtown HS
E.A. Laney HS
Eagan HS
East Lake
East Noble
East Ridge
East Ridge High School
East Robertson
East Surry HS
Eastlake
Eastlake HS
Eastside Catholic
Eastview
Eaton HS
Edison
Effingham HS
Elder
Elk Grove
Elkhorn South HS
Elmore County HS
Emerald Ridge HS
Emmaus
Enid HS
Enterprise HS
Episcopal
Erie
Esko HS
Etowah HS
Eureka HS
Evansville North
Everett
Exeter HS
Fairfield HS
Faith Academy
Faith Lutheran
Faith Lutheran HS
Falcon HS
Farragut (TN)
Fife
First Assembly Christian School
Fishers
Fletcher HS
Flintridge Prep
Florence HS
Flower Mound
Flower Mound HS
Fontainebleau
Foothill
Foothills Composite
Forest (Gulf Coast CC)
Forest Park
Forney
Fort Cobb-Broxton HS
Fort Gibson HS
Fort Meade
Fort White (Santa Fe CC)
Fort Zumwalt West HS
Fossil Ridge
Fox Valley Lutheran
Franklin HS
Franklinton HS
Freeburg HS
Friendswood
Friendswood HS
Frisco
Frisco HS
Frontier HS
Fulshear
Gardendale HS
George C Marshall
Georgetown HS
Germantown
Gibbons
Glacier Peak HS
Glenbrook
Glenwood
Golden
Governor Mifflin
Grace Brethren HS
Graham Kapowsin
Grand Island Senior
Grand Oaks
Grand Rapids Christian
Grayson HS
Great Oak HS
Green Hill
Green Hope
Greendale
Greenwich HS  Cheshire Academy
Greenwood
Groves
Gulf Breeze
Gulf Breeze HS
Gunnison Valley HS
Hall
Hallettsville
Haltom HS
Hamden Hall
Hamilton
Hamilton Southeastern HS
Hanover Central HS
Hardin County HS
Hardin Valley Academy
Harrison HS
Hart
Hart HS
Hartselle
Hartselle HS
Harvard Westlake
Harvard-Westlake HS
Hatboro-Horsham HS
Hayfield Community School
Hazel Green
Hazelton Area
Helias HS
Hempstead
Hendersonville HS
Henry M. Jackson HS
Heritage
Heritage Academy
Heritage Christian
Heritage Hall HS
Hernando HS
Hewitt-Trussville
Hewitt-Trussville HS
Hickory Ridge
Highland High
Highland Park HS
Highland School
Hillcrest
Hoggard HS
Holly Springs
Holsworthy HS
Holtville HS
Holy Cross
Holy Trinity HS
Home Schooled
Homeschooled
Homestead Senior
Hoover HS
Hopkins
Houston Christian
Houston County
Houston HS
Huntingtown
Huntley
Huntsville HS
Hutto
IMG Academy
Ingraham
Institute College St. Pierre
Interlake
International Baseball Academy
Iota HS
Iowa
J Serra Catholic HS
J.M. Tate
JSerra Catholic
Jackson Memorial High School
Jasper
Jean Augustine Secondary
Jefferson City HS
Jeffersonville
Jennings County
Jennings HS
Jersey Village H.S.
Jesuit
Jesuit HS
John B. Alexander HS
John Burroughs
John Carroll Catholic HS
John F. Kennedy
John H. Guyer
John H. Guyer HS
Juan Diego Catholic HS
Juanita
Jupiter Community HS
Kalama
Kamehameha HS
Kamehameha Kapalama HS
Kamehameha School (Kapalama)
Katy HS
Keene
Keller
Keller HS
Keller Timber Creek
Kenston
Kentlake
Kerman HS
Key West
Kingfisher HS
Kirk Academy
Kirkwood HS
Krum HS
LSU
LaSalle
Lafayette (Santa Fe College)
Laguna Beach HS
Lake Brantley
Lake Creek
Lake Creek HS
Lake Mary
Lake Stevens
Lake Travis
Lake Travis HS
Lake Zurich HS
Lakeland Christian
Lakeland Christian (Virginia Tech)
Lakeridge
Lakeside
Lakewood Christian HS
Lakota East
Lamar
Lamar Christian HS
Land O'Lakes HS
Langley Secondary School
Lansing HS
Lawrence Central
Lee's Summit West HS
Legacy HS
Legend
Lewisburg
Lewisburg HS
Liberty
Liberty HS
Liberty-Wentzville
Lincoln
Lincoln HS
Lincoln-Way Central
Lindale
Lindbergh HS
Linton-Stockton
Little Elm HS
Little Rock Christian
Little Rock Christian Academy
Live Oak HS
Lodi HS
London
Lone Grove HS
Lone Peak HS
Lone Star HS
Longview HS
Loomis Chaffee School
Loreauville
Los Alamitos
Los Alamos HS
Louisville Eastern HS
Lovejoy HS
Lowndes HS
Loyola HS
Lufkin HS
Lynden
MLK Magnet School
Madera South HS
Madison Central
Madison Central HS
Madison HS
Madison-Ridgeland Academy
Madisonville
Magnolia Heights HS
Mahtomedi HS
Manheim Township HS
Maranatha HS
Marcos De Niza
Marcus
Marcus H.S.
Marin Catholic
Marina HS
Marist
Marjory Stoneman Douglas
Marquette HS
Marshall HS
Martin Luther King
Marysville Getchell
Mason
Mater Dei
McAdory
McCallie School
McCallum HS
McCracken County HS
McGill-Toolen HS
McKinney HS
McKinney North
McLennan College
Mead
Medway HS
Melissa HS
Memorial
Memorial H.S.
Memorial HS
Menasha
Menlo School
Mercer Island
Miami Christian School (Fla.)
Miami Palmetto
Miami Springs
Millard South HS
Millikan
Milton
Mineral Point HS
Minnetonka HS
Minooka
Minooka HS
Missouri State University
Mobile Christian HS
Monarch HS
Monsignor Kelly Catholic
Monte Vista Academy
Monteverde Academy
Montgomery Lake Creek
Montverde Academy
Mooresville
Mooreville HS
Mortimer Jordan
Mosley
Mosley HS
Mounds View
Mount Paran
Mount St. Mary's
Mount Vernon
Mount Whitney HS
Mountain Ridge
Mountain View
Mountain View HS
Mountain Vista
Mt. Whitney HS
Munford HS
Murrieta Mesa HS
Naples
Nazareth Academy
Nettleton HS
New Albany
New Albany HS
New Castle
New Diana
New Hanover HS  Pro5 Baseball Academy
New Home HS
New Manchester HS
Newman Catholic
Newport
Noblesville HS
Norco HS
Normal University HS
North Bend
North Cobb Christian
North Forsyth
North Gwinnett
North Kitsap
North Lamar
North Marion
North Myrtle Beach (Clemson)
North Oconee (Stetson)
North Pitt HS
North Polk
North St. Paul
Northeast Jones HS
Northeastern Oklahoma A&M
Northern York County HS
Northpoint Christian School
Northridge
Northwest Cabarrus HS
Northwest Christian HS
Northwest Rankin HS
Northwest Whitfield County
Notre Dame Academy
Notre Dame HS
Notre Dame Prep
O'Dea
OESJ
Oak Grove
Oak Grove HS
Oak Mountain
Oak Mountain HS
Oak Park
Oak Park & River Forest
Oak Park HS
Oakland Technical HS
Ocean Springs HS
Olentangy Liberty
Olympia
Opelika HS
Opelousas Catholic
Opp HS
Orange HS
Orange Lutheran HS
Orangefield
Orangefield HS
Orchard Lake Saint Mary's Prep
Orchard Lake St. Mary's Prep
Orono
Otay Ranch
Owasso HS
Oxford HS
Oñate HS
P27
P27 Academy
PRO5 Baseball Academy
Pace Academy
Pace HS
Pacific Grove HS
Pacifica HS
Pahrump Valley HS
Palm Beach Gardens HS
Palm Desert HS
Palmetto HS
Palo Verde
Paloma Valley HS
Panama HS
Paradise
Paradise Honors
Paris District
Parish Episcopal
Park Vista
Park of Cottage Grove
Parkview
Parkview (Texas Tech)
Parkview Baptist School
Parkview HS
Parkway South HS
Pass Christian HS
Patriot
Pearland HS
Pennsbury HS
Pensacola Catholic
Perham
Petal High School
Pflugerville
Pickering HS
Piedra Vista HS
Pike County HS
Pike Liberal Arts School
Pike Road HS
Pine Bluff HS
Pinkerton Academy
Pinnacle
Pioneer HS
Pitman HS
Placer HS
Plano East HS
Plano Senior HS
Plano West
Plant
Pleasant Grove HS
Pleasant Valley
Pocatello
Point Loma HS
Polyvante Nicolas-Gatineau
Ponagansett HS
Pontiac
Pope John XXIII
Porter
Powell HS
Prairie
Prestonwood Academy
Prior Lake
Pro 5 Baseball Academy
Prosper
Prosper HS
Providence Christian School
Puckett HS
Puerto Rico Baseball Academy
Pulaski Academy
Rancho Benardo HS
Ray
Raymore-Peculiar
Red Bank Catholic
Red River
Redlands HS
Redondo Union HS
Redwood HS
Regis Catholic
Regis Jesuit
Reno HS
Ridge Point
Ridgewood HS
Rio Grande City
Ripley HS
River City HS
Riverton
Robinson Secondary
Rochester Lourdes
Rockford
Rocklin HS
Rockwall
Rockwall HS
Rockwall-Heath
Rockwall-Heath HS
Rocky Mountain HS
Rocori
Roseburg HS
Rosemount
Roswell HS
Rowlett
Rowlett HS
Russell County (Gulf Coast CC)
Russellville HS
Ruston
Ruston HS
Sacred Heart HS
Sacred Heart of Jesus HS
Sacred Heart-Griffin HS
Saint Francis
Saint Francis Borgia Regional HS
Saint Francis HS
Saint Louis
Saint Martin HS
Saint Mary's HS
Saint Paul School
Saint Paul's School
Saint Thomas Aquinas HS
Saint Xavier HS
Salisbury School
Salpointe Catholic
Sam Barlow
Sam Houston
Sam Houston State
San Benito HS
San Joaquin Memorial HS
San Marcos HS
San Ramon Valley
Sandalwood HS
Sandia
Sandra Day O'Connor
Sandy Creek HS
Sanger HS
Santa Cruz HS
Santa Fe Christian
Santa Fe HS
Santa Margarita Catholic
Santa Margarita Catholic HS
Santa Paula HS
Saraland HS
Sarasota
Sartell
Sayre Area HS
Scurry-Rosser
Seattle Prep
Second Baptist Academy
Seminole State College (Okla.)
Serra Gardena HS
Service HS
Servite HS
Seton Hall Prep
Shadow Creek
Shadow Mountain
Sharyland Pioneer
Shawnee Heights HS
Sherwood HS
Shorewood
Sickles
Silo HS
Silverado
Sinclair Secondary School
Singer
Skyline
Snead State College
Snider
Soledad
South Eugene HS
South Hills
South Jones HS
South Medford
South Medford HS
South Salem
Southaven HS
Southeast Guilford (Liberty)
Southeast Guilford HS
Southfield HS for the Arts & Technology
Southlake Carroll
Southridge HS
Southwest Christian
Southwest Christian HS
Spotswood HS
Spring Lake Park
Springville HS
Spruce Creek
St. Amant
St. Benedict at Auburndale
St. Dominic Savio Catholic
St. Elizabeth HS
St. Francis
St. Francis Borgia HS
St. John Bosco
St. John Vianney HS
St. John's
St. John's Country Day
St. Joseph Regional
St. Lawrence
St. Louis Park
St. Martinville Senior
St. Mary's
St. Mary's HS
St. Michael-Albertville HS
St. Paul VI Catholic
St. Pius X
St. Thomas
St. Thomas Academy
St. Thomas Aquinas
St. Thomas More
Staley
Staley HS
Stanhope Elmore HS
Stanwood HS
Starkville Academy
Starr's Mill
Stars Mill HS
Steilacoom
Stewart County
Stillwater
Stillwater HS
Stockdale HS
Strake Jesuit
Stratford
Strawberry Crest
Stringer HS
Stuart Hall
Suffield Academy
Summit
Summit HS
Sumrall HS
Sun Prairie
Sun Valley
Sunrise Mountain (AZ)
Sussex Hamilton
Sweet Water
Sycamore HS
T.C. Roberson HS
TNXL Academy (Charleston Southern)
TNXL Academy (Fla.)
Taft School
Tahoma
Tampa Jesuit
Taunton HS
Temecula Valley HS
Tenino HS
Tennessee
Tesoro HS
Texas
Texas City
Texas Tech University
Thayer Academy
The Baylor School
The Kinkaid School
The Winchendon School
The Woodlands
The Woodlands HS
Thompson HS
Thorsby
Thurston HS
Timber Creek HS
Timberland
Tioga
Tivy HS
Tomball
Tomball Memorial HS
Tompkins
Tonganoxie HS
Torrance HS
Trabuco Hills
Trenton Catholic Academy
Tri-Cities Prep
Trinity (Ky.)
Trinity Christian
Trinity HS
Tulare Western HS
Turlock HS
Turramurra
Tuttle HS
Union
Union HS
University HS
University Lab HS
Urbandale HS
Utah Valley State
V. Sue Cleveland HS
V.R. Eaton HS
VR Eaton
Vacaville
Vacaville HS
Valley Christian
Valley Christian HS
Van Alstyne HS
Vancleave HS
Vandebilt Catholic
Vanden HS
Vauxhall Academy
Venice
Verona
Veterans
Villa Park
Villages Charter (College of Central Florida)
Vista Murrietta HS
Vista Ridge HS
Wakeland
Waller
Walt Whitman
Walton
Warren Central
Warren Central HS
Waterdown
Waunakee
Wauwatosa West
Waxahachie HS
Wayne Academy
Wayne County HS
Wayzata
Wayzata HS
Weatherford HS
Webster
Weddington HS
Wesleyan
West
West Albany
West Broward HS
West Jones HS
West Lauderdale
West Lauderdale HS
West Linn
West Linn HS
West Ranch HS
West Seattle
West Valley
West Valley HS
Western Oklahoma State College
Westfield HS
Westlake
Westmoore HS
Westview
Wharton
Wharton HS
White Oak HS
Whitefish Bay
Whitney HS
Wichita State University
Wicksburg
William Amos Hough HS
William T. Dwyer
William T. Dwyer HS
Willis
Windermere (Miami)
Winter Springs HS
Winward School
Wiregrass Ranch (USF)
Wister
Woodbridge HS
Woodbury
Woodinville
Woodinville HS
Woodland Regional HS
Xavier College Prep
Yorktown HS
Yorkville
Yorkville High School
Yukon
Yukon HS
Zionsville Community
home school
